top-level_category,second-level_category
Audio,Amplifiers & Mixers
Audio,Audio & Video Cables & Converters
Audio,"Earphones, Headphones & Headsets"
Audio,Home Audio & Speakers
Audio,Media Players
Audio,Microphones
Audio,Others
Automobiles,Automobile Exterior Accessories
Automobiles,Automobile Interior Accessories
Automobiles,Automobile Spare Parts
Automobiles,Automotive Care
Automobiles,Automotive Keychains & Key Covers
Automobiles,Automotive Oils & Lubes
Automobiles,Automotive Tools
Automobiles,Others
Baby & Kids Fashion,Baby & Kids Accessories
Baby & Kids Fashion,Baby Clothes
Baby & Kids Fashion,Baby Mittens & Footwear
Baby & Kids Fashion,Boy Clothes
Baby & Kids Fashion,Boy Shoes
Baby & Kids Fashion,Girl Clothes
Baby & Kids Fashion,Girl Shoes
Baby & Kids Fashion,Others
Beauty,Bath & Body Care
Beauty,Beauty Sets & Packages
Beauty,Beauty Tools
Beauty,Hair Care
Beauty,"Hand, Foot & Nail Care"
Beauty,Makeup
Beauty,Men's Care
Beauty,Others
Beauty,Perfumes & Fragrances
Beauty,Skincare
Books & Magazines,Books
Books & Magazines,Magazines & Newspaper
Books & Magazines,Others
Cameras & Drones,Camera Accessories
Cameras & Drones,Camera Care
Cameras & Drones,Cameras
Cameras & Drones,Drone Accessories
Cameras & Drones,Drones
Cameras & Drones,Lens Accessories
Cameras & Drones,Lenses
Cameras & Drones,Others
Cameras & Drones,Security Cameras & Systems
Computers & Accessories,Data Storage
Computers & Accessories,Desktop & Laptop Components
Computers & Accessories,Desktop Computers
Computers & Accessories,Keyboards & Mice
Computers & Accessories,Laptops
Computers & Accessories,Monitors
Computers & Accessories,Network Components
Computers & Accessories,Office Equipment
Computers & Accessories,Others
Computers & Accessories,Peripherals & Accessories
Computers & Accessories,Printers & Scanners
Computers & Accessories,Softwares
Fashion Accessories,Accessories Sets & Packages
Fashion Accessories,Additional Accessories
Fashion Accessories,Anklets
Fashion Accessories,Belts
Fashion Accessories,Bracelets & Bangles
Fashion Accessories,Earrings
Fashion Accessories,Eyewear
Fashion Accessories,Gloves
Fashion Accessories,Hair Accessories
Fashion Accessories,Hats & Caps
Fashion Accessories,Investment Precious Metals
Fashion Accessories,Necklaces
Fashion Accessories,"Neckties, Bow Ties & Cravats"
Fashion Accessories,Others
Fashion Accessories,Rings
Fashion Accessories,Scarves & Shawls
Food & Beverages,Alcoholic Beverages
Food & Beverages,Bakery
Food & Beverages,Baking Needs
Food & Beverages,Beverages
Food & Beverages,Breakfast Cereals & Spread
Food & Beverages,Convenience / Ready
Food & Beverages,Cooking Essentials
Food & Beverages,Dairy & Eggs
Food & Beverages,Food Staples
Food & Beverages,Fresh & Frozen Food
Food & Beverages,Gift Set & Hampers
Food & Beverages,Others
Food & Beverages,Snacks
Gaming & Consoles,Console Accessories
Gaming & Consoles,Console Machines
Gaming & Consoles,Others
Gaming & Consoles,Video Games
Health,Food Supplement
Health,Medical Supplies
Health,Others
Health,Personal Care
Health,Sexual Wellness
Hobbies & Collections,"CD, DVD & Bluray"
Hobbies & Collections,Collectible Items
Hobbies & Collections,Musical Instruments & Accessories
Hobbies & Collections,Needlework
Hobbies & Collections,Others
Hobbies & Collections,Photo Albums
Hobbies & Collections,Souvenirs
Hobbies & Collections,Toys & Games
Home & Living,Bathrooms
Home & Living,Bedding
Home & Living,Decoration
Home & Living,Dinnerware
Home & Living,Fengshui & Religious Supplies
Home & Living,Furniture
Home & Living,Gardening
Home & Living,"Hand Warmers, Hot Water Bags & Ice Bags"
Home & Living,Home Care Supplies
Home & Living,Home Fragrance & Aromatherapy
Home & Living,Home Organizers
Home & Living,Kitchenware
Home & Living,Lighting
Home & Living,Others
Home & Living,Party Supplies
Home & Living,Safety & Security
Home & Living,Tools & Home Improvement
Home Appliances,Batteries
Home Appliances,E
Home Appliances,Electrical Circuitry & Parts
Home Appliances,Kitchen Appliances
Home Appliances,Large Household Appliances
Home Appliances,Others
Home Appliances,Projectors & Accessories
Home Appliances,Remote Controls
Home Appliances,Small Household Appliances
Home Appliances,TVs & Accessories
Men Bags,Backpacks
Men Bags,Briefcases
Men Bags,Clutches
Men Bags,Crossbody & Shoulder Bags
Men Bags,Laptop Bags
Men Bags,Others
Men Bags,Tote Bags
Men Bags,Waist Bags & Chest Bags
Men Bags,Wallets
Men Clothes,Costumes
Men Clothes,Hoodies & Sweatshirts
Men Clothes,Innerwear & Underwear
Men Clothes,"Jackets, Coats & Vests"
Men Clothes,Jeans
Men Clothes,Occupational Attire
Men Clothes,Others
Men Clothes,Pants
Men Clothes,Sets
Men Clothes,Shorts
Men Clothes,Sleepwear
Men Clothes,Socks
Men Clothes,Suits
Men Clothes,Sweaters & Cardigans
Men Clothes,Tops
Men Clothes,Traditional Wear
Men Shoes,Boots
Men Shoes,Loafers & Boat Shoes
Men Shoes,Others
Men Shoes,Oxfords & Lace
Men Shoes,Sandals & Flip Flops
Men Shoes,Shoe Care & Accessories
Men Shoes,Slip Ons & Mules
Men Shoes,Sneakers
Mobile & Gadgets,Accessories
Mobile & Gadgets,Mobile Phones
Mobile & Gadgets,Others
Mobile & Gadgets,Sim Cards
Mobile & Gadgets,Tablets
Mobile & Gadgets,Walkie Talkies
Mobile & Gadgets,Wearable Devices
Mom & Baby,Baby Healthcare
Mom & Baby,Baby Safety
Mom & Baby,Baby Travel Essentials
Mom & Baby,Bath & Body Care
Mom & Baby,Diapering & Potty
Mom & Baby,Feeding Essentials
Mom & Baby,Gift Sets & Packages
Mom & Baby,Maternity Accessories
Mom & Baby,Maternity Healthcare
Mom & Baby,Milk Formula & Baby Food
Mom & Baby,Nursery
Mom & Baby,Others
Mom & Baby,Toys
Motorcycles,Motorcycle Accessories
Motorcycles,Motorcycle Helmets & Accessories
Motorcycles,Motorcycle Spare Parts
Motorcycles,Others
Muslim Fashion,Men Muslim Wear
Muslim Fashion,Others
Muslim Fashion,Prayer Attire & Equipment
Muslim Fashion,Women Muslim Wear
Pets,Litter & Toilet
Pets,Others
Pets,Pet Accessories
Pets,Pet Clothing & Accessories
Pets,Pet Food
Pets,Pet Grooming
Pets,Pet Healthcare
Sports & Outdoors,Others
Sports & Outdoors,Sports & Outdoor Accessories
Sports & Outdoors,Sports & Outdoor Apparels
Sports & Outdoors,Sports & Outdoor Recreation Equipments
Sports & Outdoors,Sports Footwear
Stationery,Art Supplies
Stationery,Gift & Wrapping
Stationery,Letters & Envelopes
Stationery,Notebooks & Papers
Stationery,Others
Stationery,School & Office Equipment
Stationery,Writing & Correction
"Tickets, Vouchers & Services",E
"Tickets, Vouchers & Services",Events & Attractions
"Tickets, Vouchers & Services",Others
"Tickets, Vouchers & Services",Services
"Tickets, Vouchers & Services",Shopping
"Tickets, Vouchers & Services",Telco
"Tickets, Vouchers & Services",Utilities
Travel & Luggage,Luggage
Travel & Luggage,Others
Travel & Luggage,Travel Accessories
Travel & Luggage,Travel Bags
Watches,Men Watches
Watches,Others
Watches,Set & Couple Watches
Watches,Watches Accessories
Watches,Women Watches
Women Bags,Backpacks
Women Bags,Bag Accessories
Women Bags,Clutches & Wristlets
Women Bags,Crossbody & Shoulder Bags
Women Bags,Laptop Bags
Women Bags,Others
Women Bags,Top
Women Bags,Tote Bags
Women Bags,Waist Bags & Chest Bags
Women Bags,Wallets
Women Clothes,Costumes
Women Clothes,Dresses
Women Clothes,Fabric
Women Clothes,Hoodies & Sweatshirts
Women Clothes,"Jackets, Coats & Vests"
Women Clothes,Jeans
Women Clothes,"Jumpsuits, Playsuits & Overalls"
Women Clothes,Lingerie & Underwear
Women Clothes,Maternity Wear
Women Clothes,Others
Women Clothes,Pants & Leggings
Women Clothes,Sets
Women Clothes,Shorts
Women Clothes,Skirts
Women Clothes,Sleepwear & Pajamas
Women Clothes,Socks & Stockings
Women Clothes,Sweaters & Cardigans
Women Clothes,Tops
Women Clothes,Traditional Wear
Women Clothes,Wedding Dresses
Women Shoes,Boots
Women Shoes,Flat Sandals & Flip Flops
Women Shoes,Flats
Women Shoes,Heels
Women Shoes,Others
Women Shoes,Shoe Care & Accessories
Women Shoes,Sneakers
Women Shoes,Wedges
